{"initial_reset_timestamp": 91429.347109393, "timestamps": [91431.108815154, 91432.650838939, 91433.891744453, 91435.22288521, 91436.582485496, 91439.87456418, 91449.723250675, 91460.459069526, 91468.877559863, 91476.645926736, 91487.186815348, 91495.122029505, 91503.262152188, 91510.769436951, 91518.950371473, 91529.00561696, 91537.488516813, 91544.671216502, 91556.914040058, 91565.347128458, 91573.602135514, 91580.668097884, 91588.924469315, 91597.151908389, 91607.147056748, 91619.084790231, 91629.162041502, 91638.769744147, 91649.354754908, 91658.790867491, 91669.422834121, 91680.703301892, 91691.231132402, 91700.078425061, 91713.253538308, 91723.710745031, 91733.896237741, 91742.841441824, 91751.392665726, 91761.436972614, 91772.84090319, 91785.780894448, 91796.200344893, 91811.688089665, 91823.298666699, 91835.330817485, 91846.170145784, 91856.125547133, 91865.993563566, 91878.826148354, 91890.602941541, 91901.983630092, 91915.531577861, 91928.511213462, 91940.627384777, 91958.414206585, 91971.647513386, 91981.343692192, 91996.109372294, 92010.728345404, 92023.238708187, 92037.417705024, 92054.816425199, 92068.523509323, 92091.378144075, 92104.811596638, 92120.048117837, 92132.674473017, 92149.143712771, 92167.018600492, 92188.188234587, 92204.253508678, 92224.036055462, 92242.644092304, 92261.119073995, 92279.381667011, 92297.735412592, 92325.343057601, 92349.925277317, 92375.11028223, 92388.609378135, 92416.350737842, 92438.273861188, 92462.505019424, 92486.812898952, 92511.809282448, 92537.328716085, 92559.979038173, 92586.209963761, 92621.875039904, 92652.760519925, 92680.377840759, 92710.081640874, 92737.321162148, 92763.104678173, 92794.839227521, 92818.114754019, 92834.370344521, 92856.708437946, 92871.849017217, 92887.893437622, 92917.9385368, 92932.605077959, 92951.241892867, 92968.889054398, 92983.893779342, 93001.197225746, 93016.087761288, 93031.620262177, 93053.276060548, 93068.150733331, 93086.196601582, 93103.027076771, 93117.78642068, 93133.262640757, 93157.126386073, 93172.544782205, 93189.35999875, 93212.434946491, 93235.728393926, 93250.80834021, 93265.522734713, 93280.360572369, 93300.830864909, 93316.987771156, 93333.793115788, 93349.028459113, 93373.999031401, 93395.578769009, 93411.031319619, 93434.340069707, 93452.546365717, 93471.905388141, 93492.007641579, 93510.01193958, 93526.923800559, 93542.852938514, 93562.826385817, 93583.643665826, 93603.655550506, 93619.332561836, 93636.494291534, 93653.605814336, 93668.257563635, 93688.769490861, 93706.307683982, 93727.877837232, 93742.563509674, 93759.048065698, 93775.051097178, 93794.283923482, 93810.675792599, 93825.436634595, 93841.056417332, 93856.232560478, 93874.461703744, 93894.16340863, 93908.765642029, 93923.463368994, 93940.565047692, 93955.764206213, 93974.639349103, 93997.464849691, 94014.609157633, 94033.395588041, 94049.806922048, 94067.3181163, 94087.22662634, 94101.927804535, 94118.191509993, 94134.121031201, 94151.343776585, 94168.729089432, 94188.055741127, 94202.576724797, 94218.682375579, 94235.005437014, 94253.853903754, 94269.25693572, 94286.429914773, 94305.710828258, 94320.359727063, 94336.253027833, 94352.002655533, 94368.273815169, 94383.141924008, 94399.846897669, 94417.446959004, 94433.574330486, 94450.490504597, 94465.806419316, 94482.786895517, 94497.486731197, 94512.178098472, 94526.841635508, 94542.708217541, 94557.679647053, 94573.141417639, 94587.703850048, 94603.054390161, 94619.118250838, 94635.413466644, 94651.251822818, 94666.05284139, 94680.632447779, 94695.692649645, 94710.767304604, 94725.771385082, 94740.481891356, 94759.067748972, 94774.257757566, 94789.649291143, 94808.391483052, 94822.878633538, 94838.132235743, 94854.593285531, 94871.675534658, 94887.917373631, 94903.015016604, 94919.120743249, 94933.827461126, 94948.923927234, 94963.742382328, 94979.075448445, 94993.699059009, 95011.301640173, 95027.663396323, 95045.704306646, 95062.039578643, 95077.442195885, 95092.969200489, 95108.261489024, 95124.855375765, 95139.950644542, 95156.211033059, 95171.274699365, 95186.06105489, 95201.856536561, 95216.583449745, 95234.208374697, 95252.57808641, 95268.34858067, 95284.206375564, 95302.626640358, 95317.258284646, 95334.790977282, 95350.495026582, 95367.941947461, 95385.901014457, 95403.512468999, 95419.389331337, 95434.530370987, 95449.548045952, 95464.197472522, 95479.019228584, 95494.547864996, 95509.520763762, 95526.221773889, 95541.118875367, 95556.103484658, 95570.826276711, 95585.966654551, 95601.640965144, 95616.990182799, 95632.902078418, 95650.863742152, 95667.103866036, 95682.561034325, 95697.150270661, 95711.921697558, 95726.582015685, 95742.870882229, 95761.863231403, 95776.678212961, 95791.503274304, 95814.379089097, 95832.00757261, 95855.990555294, 95872.180226058, 95890.334796507, 95906.52308331, 95924.663283233, 95942.24636291, 95956.906199218, 95972.305454241, 95988.621270606, 96003.926643027, 96018.859400734, 96035.104036788, 96051.401998333, 96069.213253103, 96084.924504014, 96101.060125279, 96119.120309707, 96135.763690821, 96152.088443496, 96167.247567547, 96182.089553449, 96197.377518918, 96214.21843017, 96231.538217698, 96247.075748421, 96265.391014983, 96280.455472315, 96295.160534604, 96314.398863624, 96332.928498035, 96348.051311396, 96365.939460183, 96384.716885293, 96400.701180555, 96417.943185076, 96432.780643978, 96447.525740191, 96463.145608449, 96480.05805708, 96495.586831416, 96514.585360455, 96529.552551289, 96546.636536493, 96561.14717145, 96579.765800792, 96595.479230187, 96610.873819757, 96625.292158622, 96640.371327839, 96656.491020381, 96671.829413565, 96688.021179267, 96703.367582836, 96717.789904436, 96732.725062538, 96749.141694927, 96767.072438757, 96784.628216914, 96800.866578409, 96820.449754079, 96836.202083242, 96852.585680185, 96867.891976898, 96885.773598726, 96903.099162566, 96917.810519516, 96932.904174321, 96947.465591451, 96964.956252557, 96980.924970516, 96996.931608143, 97013.641882494, 97029.080029559, 97044.756333227, 97060.296785599, 97075.042556099, 97090.068838332, 97104.742215642, 97121.819673201, 97136.053063722, 97152.255929599, 97167.374418001, 97182.205251263, 97198.255511182, 97214.121564863, 97228.945749749, 97243.630869129, 97258.122100909, 97273.752620156, 97288.955368696, 97304.952690644, 97320.855945801, 97336.720138257, 97351.302691506, 97366.685245398, 97382.038302374, 97397.071272749, 97413.32442398, 97428.676248687, 97443.966986597, 97460.118215122, 97476.572274796, 97492.254902213, 97506.834353824, 97522.807811172, 97538.647853601, 97556.963976931, 97573.31363359, 97588.798793547, 97603.888237626, 97619.891168482, 97634.465763859, 97649.675823484, 97666.758294215, 97683.056315818, 97698.881629545, 97714.983883536, 97730.39255434, 97746.831391535, 97761.652352708, 97777.936043701, 97792.584374401, 97807.229298894, 97823.062525947, 97838.654248546, 97856.490883688, 97870.958469168, 97886.338789444, 97901.548100665, 97917.672752596, 97932.368297125, 97947.067910094, 97961.855416422, 97977.989936083, 97994.409758525, 98009.998956168, 98025.10242374, 98040.081386114, 98055.589111492, 98071.408659322, 98085.838049278, 98101.423460625, 98121.070997863, 98136.282511367, 98151.320136627, 98167.993798541, 98183.106396566, 98199.019367995, 98213.997608866, 98231.474342146, 98249.083957585, 98264.51414332, 98280.144250863, 98297.423074601, 98312.646961995, 98330.354402195, 98345.097255129, 98360.051456726, 98378.130733574, 98394.750206333, 98409.621214057, 98424.811712701, 98441.462057781, 98459.770221166, 98474.83069698, 98490.496964246, 98511.181305907, 98526.017236712, 98540.881644865, 98557.203882493, 98573.754648732, 98590.034849213, 98605.765639183, 98623.516166352, 98641.633580295, 98656.765471363, 98673.727245237, 98688.580331525, 98706.422809438, 98722.638724156, 98738.199846342, 98753.454471026, 98769.079855448, 98783.817048892, 98799.090863583, 98814.580324714, 98832.874203141, 98849.57563643, 98864.783505992, 98879.804716095, 98899.29954284, 98914.539026051, 