{"initial_reset_timestamp": 153069.492036476, "timestamps": [153070.337639758, 153071.163431575, 153072.436481399], "episode_lengths": [334, 334, 601], "episode_rewards": [7.0, 7.0, 16.0], "episode_types": ["t", "t", "t"]}