{"initial_reset_timestamp": 100655.405415057, "timestamps": [100658.460598403, 100661.458932357, 100664.437667106], "episode_lengths": [1660, 1660, 1644], "episode_rewards": [20.0, 20.0, 21.0], "episode_types": ["t", "t", "t"]}