{"initial_reset_timestamp": 28571.836485164, "timestamps": [28575.200979084, 28578.717140756, 28582.090203862], "episode_lengths": [1647, 1805, 1645], "episode_rewards": [21.0, 19.0, 21.0], "episode_types": ["t", "t", "t"]}